Unnamed: 0,id,service,anomaly_type,故障类别,故障内容,time,st_time,ed_time,data_type
0,1479,apache01,MEMORY,资源故障,内存使用率过高,1614829800000,2021-03-04 11:50:00.000000,2021-03-04 11:55:00.000000,train
1,1483,MG01,MEMORY,资源故障,内存使用率过高,1614834720000,2021-03-04 13:12:00.000000,2021-03-04 13:17:00.000000,train
2,1489,Mysql02,MEMORY,资源故障,内存使用率过高,1614841020000,2021-03-04 14:57:00.000000,2021-03-04 15:02:00.000000,train
3,1495,Redis02,MEMORY,资源故障,内存使用率过高,1614852540000,2021-03-04 18:09:00.000000,2021-03-04 18:14:00.000000,train
9,1475,Mysql01,NETWORK,网络故障,网络丢包,1614823500000,2021-03-04 10:05:00.000000,2021-03-04 10:10:00.000000,train
13,1497,Tomcat02,NETWORK,网络故障,网络延迟,1614856920000,2021-03-04 19:22:00.000000,2021-03-04 19:27:00.000000,train
14,1501,MG01,NETWORK,网络故障,网络丢包,1614861840000,2021-03-04 20:44:00.000000,2021-03-04 20:49:00.000000,train
118,1455,MG02,"JVM;
CPU",应用故障,JVM CPU负载高,1614792360000,2021-03-04 01:26:00.000000,2021-03-04 01:31:00.000000,train
119,1485,MG02,"JVM;
CPU",应用故障,JVM CPU负载高,1614836760000,2021-03-04 13:46:00.000000,2021-03-04 13:51:00.000000,train
120,1502,IG01,"JVM;
CPU",应用故障,JVM CPU负载高,1614863160000,2021-03-04 21:06:00.000000,2021-03-04 21:11:00.000000,train
125,1460,Tomcat02,JVM;MEMORY,应用故障,JVM OOM Heap,1614798240000,2021-03-04 03:04:00.000000,2021-03-04 03:09:00.000000,train
126,1466,Tomcat01,JVM;MEMORY,应用故障,JVM OOM Heap,1614808020000,2021-03-04 05:47:00.000000,2021-03-04 05:52:00.000000,train
127,1468,MG02,JVM;MEMORY,应用故障,JVM OOM Heap,1614810000000,2021-03-04 06:20:00.000000,2021-03-04 06:25:00.000000,train
128,1472,Tomcat01,JVM;MEMORY,应用故障,JVM OOM Heap,1614815220000,2021-03-04 07:47:00.000000,2021-03-04 07:52:00.000000,train
129,1498,MG02,JVM;MEMORY,应用故障,JVM OOM Heap,1614857760000,2021-03-04 19:36:00.000000,2021-03-04 19:41:00.000000,train
130,1504,MG01,JVM;MEMORY,应用故障,JVM OOM Heap,1614866400000,2021-03-04 22:00:00.000000,2021-03-04 22:05:00.000000,train
131,1505,IG01,JVM;MEMORY,应用故障,JVM OOM Heap,1614867900000,2021-03-04 22:25:00.000000,2021-03-04 22:30:00.000000,train
134,1469,Tomcat03,DISK,资源故障,磁盘IO读使用率过高,1614811320000,2021-03-04 06:42:00.000000,2021-03-04 06:47:00.000000,train
135,1478,MG01,DISK,资源故障,磁盘IO读使用率过高,1614827820000,2021-03-04 11:17:00.000000,2021-03-04 11:22:00.000000,train
136,1499,Tomcat03,DISK,资源故障,磁盘IO读使用率过高,1614858540000,2021-03-04 19:49:00.000000,2021-03-04 19:54:00.000000,train
137,1507,Tomcat02,DISK,资源故障,磁盘IO读使用率过高,1614872100000,2021-03-04 23:35:00.000000,2021-03-04 23:40:00.000000,train
163,1470,Redis02,CPU,资源故障,CPU使用率高,1614812340000,2021-03-04 06:59:00.000000,2021-03-04 07:04:00.000000,train
164,1475,MG02,CPU,资源故障,CPU使用率高,1614818340000,2021-03-04 08:39:00.000000,2021-03-04 08:44:00.000000,train
165,1500,Redis02,CPU,资源故障,CPU使用率高,1614860040000,2021-03-04 20:14:00.000000,2021-03-04 20:19:00.000000,train
275,1476,IG01,MEMORY,资源故障,内存使用率过高,1614825000000,2021-03-04 10:30:00.000000,2021-03-04 10:35:00.000000,test
279,1453,MG01,MEMORY,资源故障,内存使用率过高,1614789240000,2021-03-04 00:34:00.000000,2021-03-04 00:39:00.000000,test
280,1459,Mysql02,MEMORY,资源故障,内存使用率过高,1614797100000,2021-03-04 02:45:00.000000,2021-03-04 02:50:00.000000,test
281,1465,Redis02,MEMORY,资源故障,内存使用率过高,1614807060000,2021-03-04 05:31:00.000000,2021-03-04 05:36:00.000000,test
